{
  "host": "ws:\/\/http://35.204.32.188:81\/",
  "count": 219,
  "size": 25576421,
  "files": {
    "enemy0": "resources\/items\/enemy0.png",
    "enemy10": "resources\/items\/enemy10.png",
    "enemy20": "resources\/items\/enemy20.png",
    "enemy30": "resources\/items\/enemy30.png",
    "enemy40": "resources\/items\/enemy40.png",
    "enemy50": "resources\/items\/enemy50.png",
    "enemy60": "resources\/items\/enemy60.png",
    "enemy70": "resources\/items\/enemy70.png",
    "enemy80": "resources\/items\/enemy80.png",
    "enemy90": "resources\/items\/enemy90.png",
    "enemy100": "resources\/items\/enemy100.png",
    "m16a4t": "resources\/items\/m16a4t.png",
    "scar-lt": "resources\/items\/scar-lt.png",
    "skst": "resources\/items\/skst.png",
    "bomb": "resources\/items\/bomb.png",
    "jetski": "resources\/items\/jetski.png",
    "boat": "resources\/items\/boat.png",
    "buggy": "resources\/items\/buggy.png",
    "6xt": "resources\/items\/6xt.png",
    "flaregun": "resources\/items\/flaregun.png",
    "bus": "resources\/items\/bus.png",
    "bike3": "resources\/items\/bike3.png",
    "bike2": "resources\/items\/bike2.png",
    "corpse": "resources\/items\/corpse.png",
    "plane": "resources\/items\/plane.png",
    "self": "resources\/items\/self.png",
    "enemy": "resources\/items\/enemy.png",
    "team": "resources\/items\/team.png",
    "compass": "resources\/items\/compass.png",
    "airdrop": "resources\/items\/airdrop.png",
    "9mm": "resources\/items\/9mm.png",
    "762mm": "resources\/items\/762mm.png",
    "556mm": "resources\/items\/556mm.png",
    "12mm": "resources\/items\/12mm.png",
    "45mm": "resources\/items\/45mm.png",
    "300mm": "resources\/items\/300mm.png",
    "choke": "resources\/items\/choke.png",
    "aimpoint": "resources\/items\/aimpoint.png",
    "15x": "resources\/items\/15x.png",
    "cqbss": "resources\/items\/cqbss.png",
    "acog": "resources\/items\/acog.png",
    "holosight": "resources\/items\/holosight.png",
    "dotsight": "resources\/items\/dotsight.png",
    "ar.stock": "resources\/items\/ar.stock.png",
    "cheekpad": "resources\/items\/cheekpad.png",
    "s.loops": "resources\/items\/s.loops.png",
    "u.supp": "resources\/items\/u.supp.png",
    "ar.supp": "resources\/items\/ar.supp.png",
    "s.supp": "resources\/items\/s.supp.png",
    "s.fh": "resources\/items\/s.fh.png",
    "ar.fh": "resources\/items\/ar.fh.png",
    "s.comp": "resources\/items\/s.comp.png",
    "ar.comp": "resources\/items\/ar.comp.png",
    "u.extq": "resources\/items\/u.extq.png",
    "s.extq": "resources\/items\/s.extq.png",
    "ar.extq": "resources\/items\/ar.extq.png",
    "a.grip": "resources\/items\/a.grip.png",
    "v.grip": "resources\/items\/v.grip.png",
    "m249": "resources\/items\/m249.png",
    "dp28": "resources\/items\/dp28.png",
    "m24": "resources\/items\/m24.png",
    "kar98k": "resources\/items\/kar98k.png",
    "awm": "resources\/items\/awm.png",
    "win94": "resources\/items\/win94.png",
    "vss": "resources\/items\/vss.png",
    "sawnoff": "resources\/items\/sawnoff.png",
    "s686": "resources\/items\/s686.png",
    "gast": "resources\/items\/gast.png",
    "sk12": "resources\/items\/sk12.png",
    "uzi": "resources\/items\/uzi.png",
    "thompson": "resources\/items\/thompson.png",
    "ump": "resources\/items\/ump.png",
    "vector": "resources\/items\/vector.png",
    "mini14": "resources\/items\/mini14.png",
    "mk14": "resources\/items\/mk14.png",
    "sks": "resources\/items\/sks.png",
    "scar-l": "resources\/items\/scar-l.png",
    "hk416": "resources\/items\/hk416.png",
    "m16a4": "resources\/items\/m16a4.png",
    "groza": "resources\/items\/groza.png",
    "aug": "resources\/items\/aug.png",
    "ak47": "resources\/items\/ak47.png",
    "crossbow": "resources\/items\/crossbow.png",
    "flashbang": "resources\/items\/flashbang.png",
    "smokebomb": "resources\/items\/smokebomb.png",
    "molotov": "resources\/items\/molotov.png",
    "grenade": "resources\/items\/grenade.png",
    "pan": "resources\/items\/pan.png",
    "helm3": "resources\/items\/helm3.png",
    "arm3": "resources\/items\/arm3.png",
    "arm2": "resources\/items\/arm2.png",
    "arm1": "resources\/items\/arm1.png",
    "helm1": "resources\/items\/helm1.png",
    "helm2": "resources\/items\/helm2.png",
    "bag1": "resources\/items\/bag1.png",
    "bag3": "resources\/items\/bag3.png",
    "bag2": "resources\/items\/bag2.png",
    "syringe": "resources\/items\/syringe.png",
    "pain": "resources\/items\/pain.png",
    "drink": "resources\/items\/drink.png",
    "medkit": "resources\/items\/medkit.png",
    "firstaid": "resources\/items\/firstaid.png",
    "bandage": "resources\/items\/bandage.png",
    "gas": "resources\/items\/gas.png",
    "miramar": "resources\/items\/miramar.png",
    "erangel": "resources\/items\/erangel.png",
    "parachute": "resources\/items\/parachute.png",
    "u.ext": "resources\/items\/u.ext.png",
    "s.ext": "resources\/items\/s.ext.png",
    "ar.ext": "resources\/items\/ar.ext.png",
    "helm3t": "resources\/items\/helm3t.png",
    "helm2t": "resources\/items\/helm2t.png",
    "arm2t": "resources\/items\/arm2t.png",
    "arm3t": "resources\/items\/arm3t.png",
    "acogt": "resources\/items\/acogt.png",
    "aimpointt": "resources\/items\/aimpointt.png",
    "cqbsst": "resources\/items\/cqbsst.png",
    "holosightt": "resources\/items\/holosightt.png",
    "dotsightt": "resources\/items\/dotsightt.png",
    "15xt": "resources\/items\/15xt.png",
    "hk416t": "resources\/items\/hk416t.png",
    "ak47t": "resources\/items\/ak47t.png",
    "mini14t": "resources\/items\/mini14t.png",
    "kar98kt": "resources\/items\/kar98kt.png",
    "m24t": "resources\/items\/m24t.png",
    "m249t": "resources\/items\/m249t.png",
    "mk14t": "resources\/items\/mk14t.png",
    "awmt": "resources\/items\/awmt.png",
    "augt": "resources\/items\/augt.png",
    "dp28t": "resources\/items\/dp28t.png",
    "sawnofft": "resources\/items\/sawnofft.png",
    "sk12t": "resources\/items\/sk12t.png",
    "s686t": "resources\/items\/s686t.png",
    "grozat": "resources\/items\/grozat.png",
    "umpt": "resources\/items\/umpt.png",
    "uzit": "resources\/items\/uzit.png",
    "thompsont": "resources\/items\/thompsont.png",
    "vectort": "resources\/items\/vectort.png",
    "vsst": "resources\/items\/vsst.png",
    "win94t": "resources\/items\/win94t.png",
    "crossbowt": "resources\/items\/crossbowt.png",
    "bag3t": "resources\/items\/bag3t.png",
    "bag2t": "resources\/items\/bag2t.png",
    "bandaget": "resources\/items\/bandaget.png",
    "medkitt": "resources\/items\/medkitt.png",
    "paint": "resources\/items\/paint.png",
    "drinkt": "resources\/items\/drinkt.png",
    "pant": "resources\/items\/pant.png",
    "ar.compt": "resources\/items\/ar.compt.png",
    "s.compt": "resources\/items\/s.compt.png",
    "s.fht": "resources\/items\/s.fht.png",
    "ar.fht": "resources\/items\/ar.fht.png",
    "ar.suppt": "resources\/items\/ar.suppt.png",
    "s.suppt": "resources\/items\/s.suppt.png",
    "u.suppt": "resources\/items\/u.suppt.png",
    "ar.extqt": "resources\/items\/ar.extqt.png",
    "ar.extt": "resources\/items\/ar.extt.png",
    "s.extt": "resources\/items\/s.extt.png",
    "s.extqt": "resources\/items\/s.extqt.png",
    "u.extqt": "resources\/items\/u.extqt.png",
    "u.extt": "resources\/items\/u.extt.png",
    "s.loopst": "resources\/items\/s.loopst.png",
    "ar.stockt": "resources\/items\/ar.stockt.png",
    "cheekpadt": "resources\/items\/cheekpadt.png",
    "choket": "resources\/items\/choket.png",
    "grenadet": "resources\/items\/grenadet.png",
    "molotovt": "resources\/items\/molotovt.png",
    "smokebombt": "resources\/items\/smokebombt.png",
    "flashbangt": "resources\/items\/flashbangt.png",
    "firstaidt": "resources\/items\/firstaidt.png",
    "9mmt": "resources\/items\/9mmt.png",
    "12mmt": "resources\/items\/12mmt.png",
    "45mmt": "resources\/items\/45mmt.png",
    "556mmt": "resources\/items\/556mmt.png",
    "762mmt": "resources\/items\/762mmt.png",
    "300mmt": "resources\/items\/300mmt.png",
    "a.gript": "resources\/items\/a.gript.png",
    "v.gript": "resources\/items\/v.gript.png",
    "s1897t": "resources\/items\/s1897t.png",
    "s1897": "resources\/items\/s1897.png",
    "uaz": "resources\/items\/uaz.png",
    "dacia": "resources\/items\/dacia.png",
    "pickup": "resources\/items\/pickup.png",
    "flaregunt": "resources\/items\/flaregunt.png",
    "savage": "resources\/items\/savage.png",
    "duckbillt": "resources\/items\/duckbillt.png",
    "lightgript": "resources\/items\/lightgript.png",
    "halfgript": "resources\/items\/halfgript.png",
    "thumbgript": "resources\/items\/thumbgript.png",
    "3xt": "resources\/items\/3xt.png",
    "slrt": "resources\/items\/slrt.png",
    "mirado": "resources\/items\/mirado.png",
    "6x": "resources\/items\/6x.png",
    "3x": "resources\/items\/3x.png",
    "duckbill": "resources\/items\/duckbill.png",
    "lightgrip": "resources\/items\/lightgrip.png",
    "thumbgrip": "resources\/items\/thumbgrip.png",
    "halfgrip": "resources\/items\/halfgrip.png",
    "slr": "resources\/items\/slr.png",
    "qbz95t": "resources\/items\/qbz95t.png",
    "qbz95": "resources\/items\/qbz95.png",
    "u.comp": "resources\/items\/u.comp.png",
    "u.compt": "resources\/items\/u.compt.png",
    "syringet": "resources\/items\/syringet.png",
    "rony": "resources\/items\/rony.png",
    "qbu": "resources\/items\/qbu.png",
    "qbut": "resources\/items\/qbut.png",
    "pin2": "resources\/items\/pin2.png",
    "pin3": "resources\/items\/pin3.png",
    "pin0": "resources\/items\/pin0.png",
    "pin1": "resources\/items\/pin1.png",
    "m762t": "resources\/items\/m762t.png",
    "m762": "resources\/items\/m762.png",
    "scooter": "resources\/items\/scooter.png",
    "laser": "resources\/items\/laser.png",
    "mk47": "resources\/items\/mk47.png",
    "lasert": "resources\/items\/lasert.png",
    "mk47t": "resources\/items\/mk47t.png",
    "tukshai": "resources\/items\/tukshai.png"
  },
  "gs": {
    "wserror": "Your browser does not support WebSocket, please update your browser or using modern browser such as Google Chrome.",
    "Connection failed!": "Connection failed!",
    "Connecting to radar service...": "Connecting to radar service...",
    "Server Connected!": "Server Connected!"
  }
}